,year,month,station,city,PM2.5
0,2015,1,DsJelGorOgin,Jelenia Góra,206.839
1,2015,1,DsWrocAlWisn,Wrocław,60.0
2,2015,1,DsWrocWybCon,Wrocław,41.9122
3,2015,1,KpBydPlPozna,Bydgoszcz,28.15
4,2015,1,LbLubObywate,Lublin,83.1797
5,2015,1,LdLodzCzerni,Łódź,122.82499999999999
6,2015,1,LdZgieMielcz,Zgierz,51.595972
7,2015,1,LuZielKrotka,Zielona Góra,51.8628
8,2015,1,MpKrakAlKras,Kraków,64.0
9,2015,1,MpKrakBulwar,Kraków,55.0
10,2015,1,MzLegZegrzyn,Legionowo,70.8
11,2015,1,MzPiasPulask,Piastów,66.5
12,2015,1,MzPlocMiReja,Płock,37.171214
13,2015,1,MzRadTochter,Radom,48.066225
14,2015,1,MzSiedKonars,Siedlce,40.461985999999996
15,2015,1,MzWarAlNiepo,Warszawa,57.260000000000005
16,2015,1,MzWarWokalna,Warszawa,58.844712
17,2015,1,MzZyraRoosev,Żyrardów,74.0028495
18,2015,1,OpKKozBSmial,Kędzierzyn-Koźle,48.780550000000005
19,2015,1,PdBialUpalna,Białystok,85.0
20,2015,1,PkPrzemGrunw,Przemyśl,17.4142
21,2015,1,SlKatoKossut,Katowice,44.54900000000001
22,2015,1,SlZlotPotLes,Złoty Potok,47.78775
23,2015,1,WmOlsPuszkin,Olsztyn,47.002081000000004
24,2015,1,WpKaliSawick,Kalisz,29.0
25,2015,2,DsJelGorOgin,Jelenia Góra,5.40581
26,2015,2,DsWrocAlWisn,Wrocław,13.81
27,2015,2,DsWrocWybCon,Wrocław,9.55059
28,2015,2,KpBydPlPozna,Bydgoszcz,22.1
29,2015,2,LbLubObywate,Lublin,18.4488
30,2015,2,LdLodzCzerni,Łódź,7.0
31,2015,2,LdZgieMielcz,Zgierz,45.0
32,2015,2,LuZielKrotka,Zielona Góra,10.1507
33,2015,2,MpKrakAlKras,Kraków,39.4238
34,2015,2,MpKrakBulwar,Kraków,17.9113
35,2015,2,MzLegZegrzyn,Legionowo,11.7
36,2015,2,MzPiasPulask,Piastów,32.1
37,2015,2,MzPlocMiReja,Płock,17.129055
38,2015,2,MzRadTochter,Radom,30.995432
39,2015,2,MzSiedKonars,Siedlce,25.258955
40,2015,2,MzWarAlNiepo,Warszawa,26.2578
41,2015,2,MzWarWokalna,Warszawa,19.809111
42,2015,2,MzZyraRoosev,Żyrardów,30.769231
43,2015,2,OpKKozBSmial,Kędzierzyn-Koźle,7.54622
44,2015,2,PdBialUpalna,Białystok,13.0
45,2015,2,PkPrzemGrunw,Przemyśl,18.3319
46,2015,2,SlKatoKossut,Katowice,19.8609
47,2015,2,SlZlotPotLes,Złoty Potok,19.2827
48,2015,2,WmOlsPuszkin,Olsztyn,9.318912
49,2015,3,DsJelGorOgin,Jelenia Góra,31.42519333333333
50,2015,3,DsWrocAlWisn,Wrocław,35.15696666666667
51,2015,3,DsWrocWybCon,Wrocław,34.60746666666667
52,2015,3,KpBydPlPozna,Bydgoszcz,29.133333333333336
53,2015,3,LbLubObywate,Lublin,35.63806666666667
54,2015,3,LdLodzCzerni,Łódź,30.25
55,2015,3,LdZgieMielcz,Zgierz,41.333333333333336
56,2015,3,LuZielKrotka,Zielona Góra,19.900333333333332
57,2015,3,MpKrakAlKras,Kraków,58.92913333333333
58,2015,3,MpKrakBulwar,Kraków,41.75790333333334
59,2015,3,MzLegZegrzyn,Legionowo,52.866666666666674
60,2015,3,MzPiasPulask,Piastów,39.86666666666667
61,2015,3,MzPlocMiReja,Płock,24.81965066666667
62,2015,3,MzRadTochter,Radom,40.20084266666667
63,2015,3,MzSiedKonars,Siedlce,24.81414266666667
64,2015,3,MzWarAlNiepo,Warszawa,31.656599999999997
65,2015,3,MzWarWokalna,Warszawa,29.131045333333333
66,2015,3,MzZyraRoosev,Żyrardów,32.288699
67,2015,3,OpKKozBSmial,Kędzierzyn-Koźle,28.673166666666663
68,2015,3,PdBialUpalna,Białystok,41.0
69,2015,3,PkPrzemGrunw,Przemyśl,22.755623333333332
70,2015,3,SlKatoKossut,Katowice,33.92046666666666
71,2015,3,SlZlotPotLes,Złoty Potok,27.899333333333335
72,2015,3,WmOlsPuszkin,Olsztyn,27.104004333333336
73,2015,3,WpKaliSawick,Kalisz,41.2693
74,2015,5,DsJelGorOgin,Jelenia Góra,50.574549999999995
75,2015,5,DsWrocAlWisn,Wrocław,91.7492
76,2015,5,DsWrocWybCon,Wrocław,80.67873999999999
77,2015,5,KpBydPlPozna,Bydgoszcz,36.95
78,2015,5,LbLubObywate,Lublin,26.366
79,2015,5,LdLodzCzerni,Łódź,31.5
80,2015,5,LdZgieMielcz,Zgierz,15.0
81,2015,5,LuZielKrotka,Zielona Góra,65.89905
82,2015,5,MpKrakAlKras,Kraków,118.32509999999999
83,2015,5,MpKrakBulwar,Kraków,94.69704999999999
84,2015,5,MzLegZegrzyn,Legionowo,38.8
85,2015,5,MzPiasPulask,Piastów,34.65
86,2015,5,MzPlocMiReja,Płock,32.685033
87,2015,5,MzRadTochter,Radom,24.353554000000003
88,2015,5,MzSiedKonars,Siedlce,17.967219
89,2015,5,MzWarAlNiepo,Warszawa,30.020599999999998
90,2015,5,MzWarWokalna,Warszawa,26.742299499999998
91,2015,5,MzZyraRoosev,Żyrardów,33.4045585
92,2015,5,OpKKozBSmial,Kędzierzyn-Koźle,84.03645
93,2015,5,PdBialUpalna,Białystok,14.5
94,2015,5,PkPrzemGrunw,Przemyśl,37.2842
95,2015,5,SlKatoKossut,Katowice,81.6534
96,2015,5,SlZlotPotLes,Złoty Potok,50.5178
97,2015,5,WmOlsPuszkin,Olsztyn,36.0314555
98,2015,5,WpKaliSawick,Kalisz,31.1641
99,2015,6,DsJelGorOgin,Jelenia Góra,5.52951
100,2015,6,DsWrocAlWisn,Wrocław,8.39488
101,2015,6,DsWrocWybCon,Wrocław,4.66415
102,2015,6,KpBydPlPozna,Bydgoszcz,16.5
103,2015,6,LbLubObywate,Lublin,10.4622
104,2015,6,LdLodzCzerni,Łódź,15.0
105,2015,6,LdZgieMielcz,Zgierz,12.0
106,2015,6,LuZielKrotka,Zielona Góra,9.52772
107,2015,6,MpKrakAlKras,Kraków,37.8531
108,2015,6,MpKrakBulwar,Kraków,27.6338
109,2015,6,MzLegZegrzyn,Legionowo,18.7
110,2015,6,MzPiasPulask,Piastów,23.0
111,2015,6,MzPlocMiReja,Płock,20.042159
112,2015,6,MzRadTochter,Radom,19.576063
113,2015,6,MzSiedKonars,Siedlce,11.05675
114,2015,6,MzWarAlNiepo,Warszawa,17.9142
115,2015,6,MzWarWokalna,Warszawa,16.779482
116,2015,6,MzZyraRoosev,Żyrardów,21.937322
117,2015,6,OpKKozBSmial,Kędzierzyn-Koźle,17.8189
118,2015,6,PdBialUpalna,Białystok,8.0
119,2015,6,PkPrzemGrunw,Przemyśl,13.2908
120,2015,6,SlZlotPotLes,Złoty Potok,25.0493
121,2015,6,WmOlsPuszkin,Olsztyn,16.623703
122,2015,6,WpKaliSawick,Kalisz,28.3666
123,2015,8,DsJelGorOgin,Jelenia Góra,9.22919
124,2015,8,DsWrocAlWisn,Wrocław,32.0461
125,2015,8,DsWrocWybCon,Wrocław,23.6835225
126,2015,8,KpBydPlPozna,Bydgoszcz,18.7
127,2015,8,LbLubObywate,Lublin,16.89055
128,2015,8,LdLodzCzerni,Łódź,19.0
129,2015,8,LdZgieMielcz,Zgierz,17.333333333333332
130,2015,8,LuZielKrotka,Zielona Góra,18.57331
131,2015,8,MpKrakAlKras,Kraków,32.167125
132,2015,8,MpKrakBulwar,Kraków,22.21995
133,2015,8,MzLegZegrzyn,Legionowo,20.4864995
134,2015,8,MzPiasPulask,Piastów,26.575
135,2015,8,MzPlocMiReja,Płock,18.03211725
136,2015,8,MzRadTochter,Radom,22.8096085
137,2015,8,MzSiedKonars,Siedlce,27.856337500000002
138,2015,8,MzWarAlNiepo,Warszawa,19.1003
139,2015,8,MzWarWokalna,Warszawa,19.022572750000002
140,2015,8,MzZyraRoosev,Żyrardów,37.79677133333333
141,2015,8,OpKKozBSmial,Kędzierzyn-Koźle,23.6030925
142,2015,8,PdBialUpalna,Białystok,17.0
143,2015,8,PkPrzemGrunw,Przemyśl,35.2755025
144,2015,8,SlKatoKossut,Katowice,41.19875
145,2015,8,SlZlotPotLes,Złoty Potok,16.450042500000002
146,2015,8,WmOlsPuszkin,Olsztyn,17.48130625
147,2015,8,WpKaliSawick,Kalisz,23.655625
148,2015,9,DsJelGorOgin,Jelenia Góra,8.55918
149,2015,9,DsWrocWybCon,Wrocław,13.621
150,2015,9,KpBydPlPozna,Bydgoszcz,3.7
151,2015,9,LbLubObywate,Lublin,7.8986
152,2015,9,LdLodzCzerni,Łódź,10.15
153,2015,9,LdZgieMielcz,Zgierz,9.84183
154,2015,9,LuZielKrotka,Zielona Góra,11.4126
155,2015,9,MpKrakAlKras,Kraków,21.0
156,2015,9,MpKrakBulwar,Kraków,14.0
157,2015,9,MzLegZegrzyn,Legionowo,11.0
158,2015,9,MzPiasPulask,Piastów,28.5
159,2015,9,MzPlocMiReja,Płock,16.080337
160,2015,9,MzRadTochter,Radom,11.768942
161,2015,9,MzSiedKonars,Siedlce,11.247384
162,2015,9,MzWarAlNiepo,Warszawa,11.861
163,2015,9,MzWarWokalna,Warszawa,9.788031
164,2015,9,MzZyraRoosev,Żyrardów,15.527066
165,2015,9,OpKKozBSmial,Kędzierzyn-Koźle,11.7222
166,2015,9,PdBialUpalna,Białystok,9.0
167,2015,9,PkPrzemGrunw,Przemyśl,17.2309
168,2015,9,SlKatoKossut,Katowice,17.189
169,2015,9,SlZlotPotLes,Złoty Potok,4.878
170,2015,9,WmOlsPuszkin,Olsztyn,6.602804
171,2015,9,WpKaliSawick,Kalisz,5.0
172,2015,11,DsJelGorOgin,Jelenia Góra,19.425047499999998
173,2015,11,DsWrocAlWisn,Wrocław,30.088099999999997
174,2015,11,DsWrocWybCon,Wrocław,25.930475
175,2015,11,KpBydPlPozna,Bydgoszcz,30.525000000000002
176,2015,11,LbLubObywate,Lublin,41.299350000000004
177,2015,11,LdLodzCzerni,Łódź,32.4725
178,2015,11,LdZgieMielcz,Zgierz,33.25
179,2015,11,LuZielKrotka,Zielona Góra,21.771833333333333
180,2015,11,MpKrakAlKras,Kraków,62.1755725
181,2015,11,MpKrakBulwar,Kraków,45.267955
182,2015,11,MzLegZegrzyn,Legionowo,39.675
183,2015,11,MzPiasPulask,Piastów,37.725
184,2015,11,MzPlocMiReja,Płock,22.92613275
185,2015,11,MzRadTochter,Radom,42.735243499999996
186,2015,11,MzSiedKonars,Siedlce,22.9713515
187,2015,11,MzWarAlNiepo,Warszawa,30.654549999999997
188,2015,11,MzWarWokalna,Warszawa,24.7905195
189,2015,11,MzZyraRoosev,Żyrardów,43.839031500000004
190,2015,11,OpKKozBSmial,Kędzierzyn-Koźle,35.372425
191,2015,11,PdBialUpalna,Białystok,25.666666666666668
192,2015,11,PkPrzemGrunw,Przemyśl,25.5662025
193,2015,11,SlKatoKossut,Katowice,36.5042
194,2015,11,SlZlotPotLes,Złoty Potok,23.3231375
195,2015,11,WmOlsPuszkin,Olsztyn,28.87804275
196,2015,11,WpKaliSawick,Kalisz,35.8850975
197,2018,1,DsJelGorOgin,Jelenia Góra,23.443762916666667
198,2018,1,DsWrocAlWisn,Wrocław,22.616078993055552
199,2018,1,DsWrocWybCon,Wrocław,23.0163034375
200,2018,1,KpBydPlPozna,Bydgoszcz,23.855142672413795
201,2018,1,LbLubObywate,Lublin,19.537441114982578
202,2018,1,LdLodzCzerni,Łódź,19.024208333333334
203,2018,1,LdZgieMielcz,Zgierz,29.183656779661018
204,2018,1,LuZielKrotka,Zielona Góra,17.742113272058823
205,2018,1,MpKrakAlKras,Kraków,32.88004573943662
206,2018,1,MpKrakBulwar,Kraków,24.958600736842104
207,2018,1,MzLegZegrzyn,Legionowo,21.26430888421053
208,2018,1,MzPiasPulask,Piastów,18.57638989169675
209,2018,1,MzPlocMiReja,Płock,17.996584979094077
210,2018,1,MzRadTochter,Radom,21.598094664092663
211,2018,1,MzSiedKonars,Siedlce,17.343174904942966
212,2018,1,MzWarAlNiepo,Warszawa,23.692450142857144
213,2018,1,MzWarWokalna,Warszawa,15.88579834090909
214,2018,1,MzZyraRoosev,Żyrardów,17.335828059440562
215,2018,1,OpKKozBSmial,Kędzierzyn-Koźle,26.21438338403042
216,2018,1,PdBialUpalna,Białystok,12.052631578947368
217,2018,1,PkPrzemGrunw,Przemyśl,18.62430278884462
218,2018,1,SlKatoKossut,Katowice,25.366380227272725
219,2018,1,SlZlotPotLes,Złoty Potok,19.45012954385965
220,2018,1,WmOlsPuszkin,Olsztyn,13.615377222222222
221,2018,1,WpKaliSawick,Kalisz,24.55449014184397
222,2018,2,DsJelGorOgin,Jelenia Góra,17.792024166666668
223,2018,2,DsWrocAlWisn,Wrocław,18.106960833333332
224,2018,2,DsWrocWybCon,Wrocław,18.556127951388888
225,2018,2,KpBydPlPozna,Bydgoszcz,21.13288174273859
226,2018,2,LbLubObywate,Lublin,16.404446762589927
227,2018,2,LdLodzCzerni,Łódź,15.078746527777778
228,2018,2,LdZgieMielcz,Zgierz,22.34388432835821
229,2018,2,LuZielKrotka,Zielona Góra,12.00918723320158
230,2018,2,MpKrakAlKras,Kraków,24.962410868055557
231,2018,2,MpKrakBulwar,Kraków,17.293545524475526
232,2018,2,MzLegZegrzyn,Legionowo,16.585587100694443
233,2018,2,MzPiasPulask,Piastów,15.72418516014235
234,2018,2,MzPlocMiReja,Płock,15.977973322695036
235,2018,2,MzRadTochter,Radom,17.393022711026614
236,2018,2,MzSiedKonars,Siedlce,14.54130681818182
237,2018,2,MzWarAlNiepo,Warszawa,20.773600756944447
238,2018,2,MzWarWokalna,Warszawa,12.779014927272726
239,2018,2,MzZyraRoosev,Żyrardów,14.363847010416666
240,2018,2,OpKKozBSmial,Kędzierzyn-Koźle,18.844253394160585
241,2018,2,PdBialUpalna,Białystok,11.46875
242,2018,2,PkPrzemGrunw,Przemyśl,16.462500000000002
243,2018,2,SlKatoKossut,Katowice,20.194623863636362
244,2018,2,SlZlotPotLes,Złoty Potok,14.303088035714286
245,2018,2,WmOlsPuszkin,Olsztyn,12.211243159722223
246,2018,2,WpKaliSawick,Kalisz,17.21396262589928
247,2018,3,DsJelGorOgin,Jelenia Góra,15.410212936802974
248,2018,3,DsWrocAlWisn,Wrocław,15.775192916666665
249,2018,3,DsWrocWybCon,Wrocław,14.829228561151078
250,2018,3,KpBydPlPozna,Bydgoszcz,17.100633789954337
251,2018,3,LbLubObywate,Lublin,16.728613688212928
252,2018,3,LdLodzCzerni,Łódź,16.239930555555556
253,2018,3,LdZgieMielcz,Zgierz,24.380370503597124
254,2018,3,LuZielKrotka,Zielona Góra,10.385625118110237
255,2018,3,MpKrakAlKras,Kraków,25.057876145833333
256,2018,3,MpKrakBulwar,Kraków,16.539232084805654
257,2018,3,MzLegZegrzyn,Legionowo,17.225780694444445
258,2018,3,MzPiasPulask,Piastów,18.212083333333332
259,2018,3,MzPlocMiReja,Płock,16.299781293706292
260,2018,3,MzRadTochter,Radom,19.095623424354244
261,2018,3,MzSiedKonars,Siedlce,17.05423076923077
262,2018,3,MzWarAlNiepo,Warszawa,22.963387618055556
263,2018,3,MzWarWokalna,Warszawa,14.585515861111112
264,2018,3,MzZyraRoosev,Żyrardów,15.75674013888889
265,2018,3,OpKKozBSmial,Kędzierzyn-Koźle,15.368113090277777
266,2018,3,PdBialUpalna,Białystok,11.539855072463768
267,2018,3,PkPrzemGrunw,Przemyśl,17.204924242424244
268,2018,3,SlKatoKossut,Katowice,21.22054128787879
269,2018,3,SlZlotPotLes,Złoty Potok,14.873210350877194
270,2018,3,WmOlsPuszkin,Olsztyn,12.573481493055557
271,2018,3,WpKaliSawick,Kalisz,16.73300205128205
272,2018,4,DsJelGorOgin,Jelenia Góra,17.669983453815263
273,2018,4,DsWrocAlWisn,Wrocław,14.711315555555554
274,2018,4,DsWrocWybCon,Wrocław,13.954226573426574
275,2018,4,KpBydPlPozna,Bydgoszcz,15.674518007662835
276,2018,4,LbLubObywate,Lublin,17.720968181818183
277,2018,4,LdLodzCzerni,Łódź,14.396658450704225
278,2018,4,LdZgieMielcz,Zgierz,23.76317391304348
279,2018,4,LuZielKrotka,Zielona Góra,11.526194206349206
280,2018,4,MpKrakAlKras,Kraków,26.51200536842105
281,2018,4,MpKrakBulwar,Kraków,16.276121371841157
282,2018,4,MzLegZegrzyn,Legionowo,18.214543350694445
283,2018,4,MzPiasPulask,Piastów,15.978071428571427
284,2018,4,MzPlocMiReja,Płock,15.738360027777778
285,2018,4,MzRadTochter,Radom,16.108098475524475
286,2018,4,MzSiedKonars,Siedlce,17.603680555555556
287,2018,4,MzWarAlNiepo,Warszawa,21.616240387323945
288,2018,4,MzWarWokalna,Warszawa,13.11292168292683
289,2018,4,MzZyraRoosev,Żyrardów,15.256035707317075
290,2018,4,OpKKozBSmial,Kędzierzyn-Koźle,12.456013229166667
291,2018,4,PdBialUpalna,Białystok,11.915708812260537
292,2018,4,PkPrzemGrunw,Przemyśl,15.862121212121213
293,2018,4,SlKatoKossut,Katowice,18.163579487179486
294,2018,4,SlZlotPotLes,Złoty Potok,13.984448229166667
295,2018,4,WmOlsPuszkin,Olsztyn,11.765801666666668
296,2018,4,WpKaliSawick,Kalisz,15.140060996441282
297,2018,5,DsJelGorOgin,Jelenia Góra,19.391085291666666
298,2018,5,DsWrocAlWisn,Wrocław,17.10132652631579
299,2018,5,DsWrocWybCon,Wrocław,15.55231392982456
300,2018,5,KpBydPlPozna,Bydgoszcz,18.798224535315985
301,2018,5,LbLubObywate,Lublin,19.081104545454547
302,2018,5,LdLodzCzerni,Łódź,14.491383275261324
303,2018,5,LdZgieMielcz,Zgierz,21.636508960573476
304,2018,5,LuZielKrotka,Zielona Góra,11.251369037037037
305,2018,5,MpKrakAlKras,Kraków,26.896639097222224
306,2018,5,MpKrakBulwar,Kraków,19.13296063157895
307,2018,5,MzLegZegrzyn,Legionowo,16.876780291666666
308,2018,5,MzPiasPulask,Piastów,15.46229381118881
309,2018,5,MzPlocMiReja,Płock,15.626383673684211
310,2018,5,MzRadTochter,Radom,17.797985840277775
311,2018,5,MzSiedKonars,Siedlce,17.06854166666667
312,2018,5,MzWarAlNiepo,Warszawa,20.837380975694444
313,2018,5,MzWarWokalna,Warszawa,12.845158843205574
314,2018,5,MzZyraRoosev,Żyrardów,14.239595628472223
315,2018,5,OpKKozBSmial,Kędzierzyn-Koźle,16.217192534722223
316,2018,5,PdBialUpalna,Białystok,13.377697841726619
317,2018,5,PkPrzemGrunw,Przemyśl,16.59280303030303
318,2018,5,SlKatoKossut,Katowice,20.66137912891986
319,2018,5,SlZlotPotLes,Złoty Potok,14.724469328621907
320,2018,5,WmOlsPuszkin,Olsztyn,13.514101637630661
321,2018,5,WpKaliSawick,Kalisz,17.711357969924812
322,2018,6,DsJelGorOgin,Jelenia Góra,20.912572166666667
323,2018,6,DsWrocAlWisn,Wrocław,17.5841946875
324,2018,6,DsWrocWybCon,Wrocław,17.59047480836237
325,2018,6,KpBydPlPozna,Bydgoszcz,18.956004270462635
326,2018,6,LbLubObywate,Lublin,18.251672727272727
327,2018,6,LdLodzCzerni,Łódź,15.6125
328,2018,6,LdZgieMielcz,Zgierz,27.59737037037037
329,2018,6,LuZielKrotka,Zielona Góra,12.484406567164179
330,2018,6,MpKrakAlKras,Kraków,24.638056840277777
331,2018,6,MpKrakBulwar,Kraków,18.460198958333333
332,2018,6,MzLegZegrzyn,Legionowo,20.543225954861114
333,2018,6,MzPiasPulask,Piastów,20.506620209059232
334,2018,6,MzPlocMiReja,Płock,16.69539410915493
335,2018,6,MzRadTochter,Radom,19.976788930555557
336,2018,6,MzSiedKonars,Siedlce,18.525094696969695
337,2018,6,MzWarAlNiepo,Warszawa,22.615611013888888
338,2018,6,MzWarWokalna,Warszawa,13.970409017605634
339,2018,6,MzZyraRoosev,Żyrardów,18.259719208333333
340,2018,6,OpKKozBSmial,Kędzierzyn-Koźle,18.91618451388889
341,2018,6,PdBialUpalna,Białystok,14.395833333333334
342,2018,6,PkPrzemGrunw,Przemyśl,17.631060606060608
343,2018,6,SlKatoKossut,Katowice,22.442222361111114
344,2018,6,SlZlotPotLes,Złoty Potok,15.267093957597174
345,2018,6,WmOlsPuszkin,Olsztyn,14.656728854166667
346,2018,6,WpKaliSawick,Kalisz,16.739829244604316
347,2018,7,DsJelGorOgin,Jelenia Góra,26.903072817460316
348,2018,7,DsWrocAlWisn,Wrocław,20.476593894736844
349,2018,7,DsWrocWybCon,Wrocław,19.58820513986014
350,2018,7,KpBydPlPozna,Bydgoszcz,25.2773487544484
351,2018,7,LbLubObywate,Lublin,21.729316666666666
352,2018,7,LdLodzCzerni,Łódź,22.91192361111111
353,2018,7,LdZgieMielcz,Zgierz,33.59448754448398
354,2018,7,LuZielKrotka,Zielona Góra,12.92972368231047
355,2018,7,MpKrakAlKras,Kraków,31.92894684027778
356,2018,7,MpKrakBulwar,Kraków,24.88860613240418
357,2018,7,MzLegZegrzyn,Legionowo,29.13579751736111
358,2018,7,MzPiasPulask,Piastów,25.290243055555557
359,2018,7,MzPlocMiReja,Płock,22.256774867132865
360,2018,7,MzRadTochter,Radom,23.461016503472223
361,2018,7,MzSiedKonars,Siedlce,23.28498106060606
362,2018,7,MzWarAlNiepo,Warszawa,28.31218656140351
363,2018,7,MzWarWokalna,Warszawa,18.92310501388889
364,2018,7,MzZyraRoosev,Żyrardów,23.995110531250003
365,2018,7,OpKKozBSmial,Kędzierzyn-Koźle,21.190941666666667
366,2018,7,PdBialUpalna,Białystok,15.336805555555555
367,2018,7,PkPrzemGrunw,Przemyśl,21.51401515151515
368,2018,7,SlKatoKossut,Katowice,27.92725246527778
369,2018,7,SlZlotPotLes,Złoty Potok,18.14753660777385
370,2018,7,WmOlsPuszkin,Olsztyn,17.8690275
371,2018,7,WpKaliSawick,Kalisz,22.45561982394366
372,2018,8,DsJelGorOgin,Jelenia Góra,17.569318143939395
373,2018,8,DsWrocAlWisn,Wrocław,18.31523628472222
374,2018,8,DsWrocWybCon,Wrocław,16.910743706293708
375,2018,8,KpBydPlPozna,Bydgoszcz,20.66316259259259
376,2018,8,LbLubObywate,Lublin,23.44386893939394
377,2018,8,LdLodzCzerni,Łódź,19.026891608391608
378,2018,8,LdZgieMielcz,Zgierz,25.136478260869563
379,2018,8,LuZielKrotka,Zielona Góra,10.8933044921875
380,2018,8,MpKrakAlKras,Kraków,30.222287587412588
381,2018,8,MpKrakBulwar,Kraków,22.833039963369963
382,2018,8,MzLegZegrzyn,Legionowo,24.98963807986111
383,2018,8,MzPiasPulask,Piastów,22.645972222222223
384,2018,8,MzPlocMiReja,Płock,21.147363874125872
385,2018,8,MzRadTochter,Radom,21.798937038327526
386,2018,8,MzSiedKonars,Siedlce,21.05710227272727
387,2018,8,MzWarAlNiepo,Warszawa,28.798889245487363
388,2018,8,MzWarWokalna,Warszawa,19.155524843636364
389,2018,8,MzZyraRoosev,Żyrardów,19.728572743055555
390,2018,8,OpKKozBSmial,Kędzierzyn-Koźle,18.127079791666667
391,2018,8,PdBialUpalna,Białystok,16.080701754385966
392,2018,8,PkPrzemGrunw,Przemyśl,20.107224334600758
393,2018,8,SlKatoKossut,Katowice,21.915469375
394,2018,8,SlZlotPotLes,Złoty Potok,16.0509725
395,2018,8,WmOlsPuszkin,Olsztyn,19.14393722222222
396,2018,8,WpKaliSawick,Kalisz,19.20850304964539
397,2018,9,DsJelGorOgin,Jelenia Góra,13.035806844106464
398,2018,9,DsWrocAlWisn,Wrocław,15.05492874125874
399,2018,9,DsWrocWybCon,Wrocław,13.587109409722222
400,2018,9,KpBydPlPozna,Bydgoszcz,18.48288629032258
401,2018,9,LbLubObywate,Lublin,20.739650757575756
402,2018,9,LdLodzCzerni,Łódź,16.07248263888889
403,2018,9,LdZgieMielcz,Zgierz,22.15691791044776
404,2018,9,LuZielKrotka,Zielona Góra,9.61794156133829
405,2018,9,MpKrakAlKras,Kraków,29.75801208333333
406,2018,9,MpKrakBulwar,Kraków,21.44546512635379
407,2018,9,MzLegZegrzyn,Legionowo,19.061376270833332
408,2018,9,MzPiasPulask,Piastów,18.18371527777778
409,2018,9,MzPlocMiReja,Płock,17.924471115789473
410,2018,9,MzRadTochter,Radom,20.76542510452962
411,2018,9,MzSiedKonars,Siedlce,20.600833333333334
412,2018,9,MzWarAlNiepo,Warszawa,23.623718902777778
413,2018,9,MzWarWokalna,Warszawa,15.559148190839695
414,2018,9,MzZyraRoosev,Żyrardów,17.19395642013889
415,2018,9,OpKKozBSmial,Kędzierzyn-Koźle,17.696546498194945
416,2018,9,PdBialUpalna,Białystok,13.26736111111111
417,2018,9,PkPrzemGrunw,Przemyśl,19.32988047808765
418,2018,9,SlKatoKossut,Katowice,22.33863291666667
419,2018,9,SlZlotPotLes,Złoty Potok,15.043699337979096
420,2018,9,WmOlsPuszkin,Olsztyn,15.926311145833333
421,2018,9,WpKaliSawick,Kalisz,15.463791035714287
422,2018,10,DsJelGorOgin,Jelenia Góra,13.557623978494624
423,2018,10,DsWrocAlWisn,Wrocław,15.010157937062937
424,2018,10,DsWrocWybCon,Wrocław,14.034134895833333
425,2018,10,KpBydPlPozna,Bydgoszcz,18.31500516605166
426,2018,10,LbLubObywate,Lublin,19.14918181818182
427,2018,10,LdLodzCzerni,Łódź,16.630177083333333
428,2018,10,LdZgieMielcz,Zgierz,25.24960074626866
429,2018,10,LuZielKrotka,Zielona Góra,8.834519682539684
430,2018,10,MpKrakAlKras,Kraków,23.69009416666667
431,2018,10,MpKrakBulwar,Kraków,16.410673881118882
432,2018,10,MzLegZegrzyn,Legionowo,17.749497045138888
433,2018,10,MzPiasPulask,Piastów,17.403506944444445
434,2018,10,MzPlocMiReja,Płock,16.472274195804196
435,2018,10,MzRadTochter,Radom,19.393062489583333
436,2018,10,MzSiedKonars,Siedlce,19.62185606060606
437,2018,10,MzWarAlNiepo,Warszawa,22.42109728125
438,2018,10,MzWarWokalna,Warszawa,15.134526896946566
439,2018,10,MzZyraRoosev,Żyrardów,15.565289833333331
440,2018,10,OpKKozBSmial,Kędzierzyn-Koźle,16.59724590909091
441,2018,10,PdBialUpalna,Białystok,13.014035087719298
442,2018,10,PkPrzemGrunw,Przemyśl,19.70245901639344
443,2018,10,SlKatoKossut,Katowice,20.0884859375
444,2018,10,SlZlotPotLes,Złoty Potok,16.267292812500003
445,2018,10,WmOlsPuszkin,Olsztyn,14.384926180555555
446,2018,10,WpKaliSawick,Kalisz,16.170180178571428
447,2018,11,DsJelGorOgin,Jelenia Góra,16.696415
448,2018,11,DsWrocAlWisn,Wrocław,15.555190874125875
449,2018,11,DsWrocWybCon,Wrocław,14.827338333333334
450,2018,11,KpBydPlPozna,Bydgoszcz,17.096197083333333
451,2018,11,LbLubObywate,Lublin,21.385383269961977
452,2018,11,LdLodzCzerni,Łódź,17.514387323943662
453,2018,11,LdZgieMielcz,Zgierz,25.806336917562724
454,2018,11,LuZielKrotka,Zielona Góra,10.137940257352941
455,2018,11,MpKrakAlKras,Kraków,22.393674107142857
456,2018,11,MpKrakBulwar,Kraków,16.860068645833334
457,2018,11,MzLegZegrzyn,Legionowo,22.56518518402778
458,2018,11,MzPiasPulask,Piastów,17.76908759124088
459,2018,11,MzPlocMiReja,Płock,17.66842607017544
460,2018,11,MzRadTochter,Radom,19.23845450522648
461,2018,11,MzSiedKonars,Siedlce,21.34373188405797
462,2018,11,MzWarAlNiepo,Warszawa,24.620403520833335
463,2018,11,MzWarWokalna,Warszawa,16.299476692028986
464,2018,11,MzZyraRoosev,Żyrardów,17.265088770034843
465,2018,11,OpKKozBSmial,Kędzierzyn-Koźle,17.66095114068441
466,2018,11,PdBialUpalna,Białystok,14.083333333333334
467,2018,11,PkPrzemGrunw,Przemyśl,17.36098484848485
468,2018,11,SlKatoKossut,Katowice,21.593188229166667
469,2018,11,SlZlotPotLes,Złoty Potok,15.670406458333332
470,2018,11,WmOlsPuszkin,Olsztyn,15.2015084375
471,2018,11,WpKaliSawick,Kalisz,18.018556942446043
472,2018,12,DsJelGorOgin,Jelenia Góra,14.615312916666666
473,2018,12,DsWrocAlWisn,Wrocław,14.95006326388889
474,2018,12,DsWrocWybCon,Wrocław,14.030916770833334
475,2018,12,KpBydPlPozna,Bydgoszcz,18.414151750972763
476,2018,12,LbLubObywate,Lublin,16.475344696969696
477,2018,12,LdLodzCzerni,Łódź,15.712479166666668
478,2018,12,LdZgieMielcz,Zgierz,23.9336350877193
479,2018,12,LuZielKrotka,Zielona Góra,11.768988120567377
480,2018,12,MpKrakAlKras,Kraków,25.453725069444445
481,2018,12,MpKrakBulwar,Kraków,21.078155958188155
482,2018,12,MzLegZegrzyn,Legionowo,18.847403173611113
483,2018,12,MzPiasPulask,Piastów,17.57833962264151
484,2018,12,MzPlocMiReja,Płock,16.62757020486111
485,2018,12,MzRadTochter,Radom,17.837785385416666
486,2018,12,MzSiedKonars,Siedlce,16.13076388888889
487,2018,12,MzWarAlNiepo,Warszawa,22.202467621527777
488,2018,12,MzWarWokalna,Warszawa,13.674996947368422
489,2018,12,MzZyraRoosev,Żyrardów,15.450955400696865
490,2018,12,OpKKozBSmial,Kędzierzyn-Koźle,14.683719204545454
491,2018,12,PdBialUpalna,Białystok,11.03859649122807
492,2018,12,PkPrzemGrunw,Przemyśl,16.80072463768116
493,2018,12,SlKatoKossut,Katowice,25.703346603773586
494,2018,12,SlZlotPotLes,Złoty Potok,15.201972118055558
495,2018,12,WmOlsPuszkin,Olsztyn,13.401493159722222
496,2018,12,WpKaliSawick,Kalisz,16.170493691756274
497,2021,1,DsJelGorOgin,Jelenia Góra,26.572406642599276
498,2021,1,DsWrocAlWisn,Wrocław,24.917798356643356
499,2021,1,DsWrocWybCon,Wrocław,21.3208274204947
500,2021,1,KpBydPlPozna,Bydgoszcz,15.145588235294118
501,2021,1,LbLubObywate,Lublin,29.16724738675958
502,2021,1,LdLodzCzerni,Łódź,18.0625
503,2021,1,LdZgieMielcz,Zgierz,20.195743396226415
504,2021,1,LuZielKrotka,Zielona Góra,15.719606631944446
505,2021,1,MpKrakAlKras,Kraków,23.7282140625
506,2021,1,MpKrakBulwar,Kraków,25.9566110989011
507,2021,1,MzLegZegrzyn,Legionowo,22.044517374517373
508,2021,1,MzPiasPulask,Piastów,21.530836236933798
509,2021,1,MzPlocMiReja,Płock,17.175855513307983
510,2021,1,MzRadTochter,Radom,19.669322709163346
511,2021,1,MzSiedKonars,Siedlce,20.798958333333335
512,2021,1,MzWarAlNiepo,Warszawa,22.91191637630662
513,2021,1,MzWarWokalna,Warszawa,19.036483516483518
514,2021,1,MzZyraRoosev,Żyrardów,22.673449477351916
515,2021,1,OpKKozBSmial,Kędzierzyn-Koźle,24.758188153310105
516,2021,1,PdBialUpalna,Białystok,16.40143369175627
517,2021,1,PkPrzemGrunw,Przemyśl,21.452781597222224
518,2021,1,SlKatoKossut,Katowice,22.192596293706295
519,2021,1,SlZlotPotLes,Złoty Potok,18.523263888888888
520,2021,1,WmOlsPuszkin,Olsztyn,15.441195590277779
521,2021,1,WpKaliSawick,Kalisz,25.09807673611111
522,2021,2,DsJelGorOgin,Jelenia Góra,17.835683120567374
523,2021,2,DsWrocAlWisn,Wrocław,24.345160696864113
524,2021,2,DsWrocWybCon,Wrocław,21.004507673611112
525,2021,2,KpBydPlPozna,Bydgoszcz,16.292075471698112
526,2021,2,LbLubObywate,Lublin,22.298263888888886
527,2021,2,LdLodzCzerni,Łódź,18.302083333333332
528,2021,2,LdZgieMielcz,Zgierz,22.70293536121673
529,2021,2,LuZielKrotka,Zielona Góra,14.839629305555556
530,2021,2,MpKrakAlKras,Kraków,25.15115041811847
531,2021,2,MpKrakBulwar,Kraków,26.239124756944445
532,2021,2,MzLegZegrzyn,Legionowo,19.088484848484846
533,2021,2,MzPiasPulask,Piastów,20.039583333333333
534,2021,2,MzPlocMiReja,Płock,18.451805054151624
535,2021,2,MzRadTochter,Radom,18.885019011406843
536,2021,2,MzSiedKonars,Siedlce,18.345987104166667
537,2021,2,MzWarAlNiepo,Warszawa,21.46869718309859
538,2021,2,MzWarWokalna,Warszawa,16.932708333333334
539,2021,2,MzZyraRoosev,Żyrardów,22.578159722222225
540,2021,2,OpKKozBSmial,Kędzierzyn-Koźle,21.765232974910393
541,2021,2,PdBialUpalna,Białystok,15.577464788732394
542,2021,2,PkPrzemGrunw,Przemyśl,21.306573684210527
543,2021,2,SlKatoKossut,Katowice,23.76868222222222
544,2021,2,SlZlotPotLes,Złoty Potok,18.768749999999997
545,2021,2,WmOlsPuszkin,Olsztyn,16.30547222222222
546,2021,2,WpKaliSawick,Kalisz,24.606339131944445
547,2021,3,DsJelGorOgin,Jelenia Góra,17.759757743055555
548,2021,3,DsWrocAlWisn,Wrocław,22.760685416666668
549,2021,3,DsWrocWybCon,Wrocław,19.96557267361111
550,2021,3,KpBydPlPozna,Bydgoszcz,14.343023255813954
551,2021,3,LbLubObywate,Lublin,19.69236111111111
552,2021,3,LdLodzCzerni,Łódź,17.288194444444443
553,2021,3,LdZgieMielcz,Zgierz,20.974542857142858
554,2021,3,LuZielKrotka,Zielona Góra,10.830510367647058
555,2021,3,MpKrakAlKras,Kraków,23.332397456445992
556,2021,3,MpKrakBulwar,Kraków,23.41849142857143
557,2021,3,MzLegZegrzyn,Legionowo,18.935624999999998
558,2021,3,MzPiasPulask,Piastów,19.87201388888889
559,2021,3,MzPlocMiReja,Płock,18.312326388888888
560,2021,3,MzRadTochter,Radom,20.483426573426573
561,2021,3,MzSiedKonars,Siedlce,17.82875
562,2021,3,MzWarAlNiepo,Warszawa,20.55331010452962
563,2021,3,MzWarWokalna,Warszawa,16.268541666666668
564,2021,3,MzZyraRoosev,Żyrardów,23.30498257839721
565,2021,3,OpKKozBSmial,Kędzierzyn-Koźle,19.23205574912892
566,2021,3,PdBialUpalna,Białystok,15.216783216783217
567,2021,3,PkPrzemGrunw,Przemyśl,18.567606829268293
568,2021,3,SlKatoKossut,Katowice,21.30715375
569,2021,3,SlZlotPotLes,Złoty Potok,17.298606271777004
570,2021,3,WmOlsPuszkin,Olsztyn,14.696457847222222
571,2021,3,WpKaliSawick,Kalisz,23.263967986111112
572,2021,4,DsJelGorOgin,Jelenia Góra,18.430802291666666
573,2021,4,DsWrocAlWisn,Wrocław,21.972436979166666
574,2021,4,DsWrocWybCon,Wrocław,18.682599444444445
575,2021,4,KpBydPlPozna,Bydgoszcz,14.371320754716981
576,2021,4,LbLubObywate,Lublin,19.669395017793594
577,2021,4,LdLodzCzerni,Łódź,13.746527777777779
578,2021,4,LdZgieMielcz,Zgierz,15.656467153284673
579,2021,4,LuZielKrotka,Zielona Góra,12.17947866920152
580,2021,4,MpKrakAlKras,Kraków,22.562337743055554
581,2021,4,MpKrakBulwar,Kraków,22.210098402777778
582,2021,4,MzLegZegrzyn,Legionowo,16.349444444444444
583,2021,4,MzPiasPulask,Piastów,15.242569444444444
584,2021,4,MzPlocMiReja,Płock,13.681111111111111
585,2021,4,MzRadTochter,Radom,17.154346289752652
586,2021,4,MzSiedKonars,Siedlce,17.025208333333335
587,2021,4,MzWarAlNiepo,Warszawa,17.317881944444444
588,2021,4,MzWarWokalna,Warszawa,13.5646875
589,2021,4,MzZyraRoosev,Żyrardów,18.385505226480838
590,2021,4,OpKKozBSmial,Kędzierzyn-Koźle,20.615034965034965
591,2021,4,PdBialUpalna,Białystok,13.04513888888889
592,2021,4,PkPrzemGrunw,Przemyśl,18.797552447552448
593,2021,4,SlKatoKossut,Katowice,20.59305611111111
594,2021,4,SlZlotPotLes,Złoty Potok,17.48362369337979
595,2021,4,WmOlsPuszkin,Olsztyn,12.929928645833334
596,2021,4,WpKaliSawick,Kalisz,19.41932801393728
597,2021,5,DsJelGorOgin,Jelenia Góra,14.149385798611112
598,2021,5,DsWrocAlWisn,Wrocław,16.832122334494773
599,2021,5,DsWrocWybCon,Wrocław,13.932070659722221
600,2021,5,KpBydPlPozna,Bydgoszcz,15.430534351145038
601,2021,5,LbLubObywate,Lublin,18.27673611111111
602,2021,5,LdLodzCzerni,Łódź,12.909722222222221
603,2021,5,LdZgieMielcz,Zgierz,15.058059701492537
604,2021,5,LuZielKrotka,Zielona Góra,10.657833442028986
605,2021,5,MpKrakAlKras,Kraków,18.044317638888888
606,2021,5,MpKrakBulwar,Kraków,16.32022701388889
607,2021,5,MzLegZegrzyn,Legionowo,16.93201388888889
608,2021,5,MzPiasPulask,Piastów,14.694374999999999
609,2021,5,MzPlocMiReja,Płock,13.70951219512195
610,2021,5,MzRadTochter,Radom,16.89400709219858
611,2021,5,MzSiedKonars,Siedlce,16.204895833333335
612,2021,5,MzWarAlNiepo,Warszawa,14.964930069930071
613,2021,5,MzWarWokalna,Warszawa,11.9321875
614,2021,5,MzZyraRoosev,Żyrardów,17.99838596491228
615,2021,5,OpKKozBSmial,Kędzierzyn-Koźle,15.430419580419581
616,2021,5,PdBialUpalna,Białystok,13.22887323943662
617,2021,5,PkPrzemGrunw,Przemyśl,17.12483013986014
618,2021,5,SlKatoKossut,Katowice,16.365518333333334
619,2021,5,SlZlotPotLes,Złoty Potok,13.975347222222222
620,2021,5,WmOlsPuszkin,Olsztyn,12.40364087108014
621,2021,5,WpKaliSawick,Kalisz,17.355023125
622,2021,6,DsJelGorOgin,Jelenia Góra,15.098405540069688
623,2021,6,DsWrocAlWisn,Wrocław,16.699686363636363
624,2021,6,DsWrocWybCon,Wrocław,13.922452499999999
625,2021,6,KpBydPlPozna,Bydgoszcz,12.762096774193548
626,2021,6,LbLubObywate,Lublin,20.57534722222222
627,2021,6,LdLodzCzerni,Łódź,12.512195121951219
628,2021,6,LdZgieMielcz,Zgierz,15.098432234432236
629,2021,6,LuZielKrotka,Zielona Góra,8.754887122807018
630,2021,6,MpKrakAlKras,Kraków,21.141527743055555
631,2021,6,MpKrakBulwar,Kraków,19.219246678321678
632,2021,6,MzLegZegrzyn,Legionowo,16.775381944444447
633,2021,6,MzPiasPulask,Piastów,13.981354166666668
634,2021,6,MzPlocMiReja,Płock,12.489059233449478
635,2021,6,MzRadTochter,Radom,17.277640845070422
636,2021,6,MzSiedKonars,Siedlce,18.682881944444446
637,2021,6,MzWarAlNiepo,Warszawa,15.563541666666667
638,2021,6,MzWarWokalna,Warszawa,12.131660777385159
639,2021,6,MzZyraRoosev,Żyrardów,17.881979166666667
640,2021,6,OpKKozBSmial,Kędzierzyn-Koźle,16.631597222222222
641,2021,6,PdBialUpalna,Białystok,13.348432055749129
642,2021,6,PkPrzemGrunw,Przemyśl,18.219351041666666
643,2021,6,SlKatoKossut,Katowice,18.313234244604317
644,2021,6,SlZlotPotLes,Złoty Potok,14.089895470383276
645,2021,6,WmOlsPuszkin,Olsztyn,11.487968501742161
646,2021,6,WpKaliSawick,Kalisz,16.163447874564458
647,2021,7,DsJelGorOgin,Jelenia Góra,16.17333065972222
648,2021,7,DsWrocAlWisn,Wrocław,17.562478194444445
649,2021,7,DsWrocWybCon,Wrocław,14.637672083333333
650,2021,7,KpBydPlPozna,Bydgoszcz,9.506130268199234
651,2021,7,LbLubObywate,Lublin,20.08298611111111
652,2021,7,LdLodzCzerni,Łódź,13.14236111111111
653,2021,7,LdZgieMielcz,Zgierz,16.43589818181818
654,2021,7,LuZielKrotka,Zielona Góra,9.479105243055555
655,2021,7,MpKrakAlKras,Kraków,22.22486447916667
656,2021,7,MpKrakBulwar,Kraków,21.30284104529617
657,2021,7,MzLegZegrzyn,Legionowo,15.676041666666666
658,2021,7,MzPiasPulask,Piastów,13.59875
659,2021,7,MzPlocMiReja,Płock,13.116678321678322
660,2021,7,MzRadTochter,Radom,15.736901408450704
661,2021,7,MzSiedKonars,Siedlce,15.187743055555554
662,2021,7,MzWarAlNiepo,Warszawa,16.3365625
663,2021,7,MzWarWokalna,Warszawa,12.145144927536231
664,2021,7,MzZyraRoosev,Żyrardów,17.10878472222222
665,2021,7,OpKKozBSmial,Kędzierzyn-Koźle,17.056944444444444
666,2021,7,PdBialUpalna,Białystok,13.480836236933797
667,2021,7,PkPrzemGrunw,Przemyśl,17.244791666666668
668,2021,7,SlKatoKossut,Katowice,19.842983053435116
669,2021,7,SlZlotPotLes,Złoty Potok,15.834027777777777
670,2021,7,WmOlsPuszkin,Olsztyn,14.212262299651568
671,2021,7,WpKaliSawick,Kalisz,17.89575222222222
672,2021,8,DsJelGorOgin,Jelenia Góra,19.207923194444444
673,2021,8,DsWrocAlWisn,Wrocław,18.775328666666667
674,2021,8,DsWrocWybCon,Wrocław,16.022219791666668
675,2021,8,KpBydPlPozna,Bydgoszcz,11.712927756653992
676,2021,8,LbLubObywate,Lublin,19.51736111111111
677,2021,8,LdLodzCzerni,Łódź,15.625
678,2021,8,LdZgieMielcz,Zgierz,21.57425089605735
679,2021,8,LuZielKrotka,Zielona Góra,12.234927610294118
680,2021,8,MpKrakAlKras,Kraków,19.64641232638889
681,2021,8,MpKrakBulwar,Kraków,19.106779930555557
682,2021,8,MzLegZegrzyn,Legionowo,17.519930555555554
683,2021,8,MzPiasPulask,Piastów,15.790912280701754
684,2021,8,MzPlocMiReja,Płock,15.07717770034843
685,2021,8,MzRadTochter,Radom,17.53174825174825
686,2021,8,MzSiedKonars,Siedlce,14.373958333333333
687,2021,8,MzWarAlNiepo,Warszawa,17.9046875
688,2021,8,MzWarWokalna,Warszawa,13.0353125
689,2021,8,MzZyraRoosev,Żyrardów,20.971598513011152
690,2021,8,OpKKozBSmial,Kędzierzyn-Koźle,17.345833333333335
691,2021,8,PdBialUpalna,Białystok,13.04861111111111
692,2021,8,PkPrzemGrunw,Przemyśl,17.548432055749128
693,2021,8,SlKatoKossut,Katowice,20.472959924242424
694,2021,8,SlZlotPotLes,Złoty Potok,15.630526315789472
695,2021,8,WmOlsPuszkin,Olsztyn,12.267623298611111
696,2021,8,WpKaliSawick,Kalisz,20.430941041666667
697,2021,9,DsJelGorOgin,Jelenia Góra,22.575679305555557
698,2021,9,DsWrocAlWisn,Wrocław,23.373589965277777
699,2021,9,DsWrocWybCon,Wrocław,20.06026614583333
700,2021,9,KpBydPlPozna,Bydgoszcz,17.3917695473251
701,2021,9,LbLubObywate,Lublin,25.73159722222222
702,2021,9,LdLodzCzerni,Łódź,17.84375
703,2021,9,LdZgieMielcz,Zgierz,23.471852398523986
704,2021,9,LuZielKrotka,Zielona Góra,14.327853586956522
705,2021,9,MpKrakAlKras,Kraków,27.868439097222222
706,2021,9,MpKrakBulwar,Kraków,26.597093159722224
707,2021,9,MzLegZegrzyn,Legionowo,22.03712765957447
708,2021,9,MzPiasPulask,Piastów,19.139687499999997
709,2021,9,MzPlocMiReja,Płock,17.22822299651568
710,2021,9,MzRadTochter,Radom,22.328385964912282
711,2021,9,MzSiedKonars,Siedlce,21.36107638888889
712,2021,9,MzWarAlNiepo,Warszawa,21.027083333333334
713,2021,9,MzWarWokalna,Warszawa,16.351319444444446
714,2021,9,MzZyraRoosev,Żyrardów,26.47021276595745
715,2021,9,OpKKozBSmial,Kędzierzyn-Koźle,22.880208333333332
716,2021,9,PdBialUpalna,Białystok,14.602888086642599
717,2021,9,PkPrzemGrunw,Przemyśl,22.853472222222223
718,2021,9,SlKatoKossut,Katowice,28.206461263537907
719,2021,9,SlZlotPotLes,Złoty Potok,18.813937282229965
720,2021,9,WmOlsPuszkin,Olsztyn,14.235067118055557
721,2021,9,WpKaliSawick,Kalisz,25.257309444444445
722,2021,10,DsJelGorOgin,Jelenia Góra,25.4275721875
723,2021,10,DsWrocAlWisn,Wrocław,29.096068749999997
724,2021,10,DsWrocWybCon,Wrocław,24.719841909722224
725,2021,10,KpBydPlPozna,Bydgoszcz,22.571323529411764
726,2021,10,LbLubObywate,Lublin,32.40208333333333
727,2021,10,LdLodzCzerni,Łódź,22.99652777777778
728,2021,10,LdZgieMielcz,Zgierz,29.09083211678832
729,2021,10,LuZielKrotka,Zielona Góra,17.90333090277778
730,2021,10,MpKrakAlKras,Kraków,30.615478263888885
731,2021,10,MpKrakBulwar,Kraków,31.145680416666664
732,2021,10,MzLegZegrzyn,Legionowo,29.52011363636364
733,2021,10,MzPiasPulask,Piastów,25.716979166666665
734,2021,10,MzPlocMiReja,Płock,23.273125
735,2021,10,MzRadTochter,Radom,27.475789473684213
736,2021,10,MzSiedKonars,Siedlce,27.158090277777777
737,2021,10,MzWarAlNiepo,Warszawa,27.858974358974358
738,2021,10,MzWarWokalna,Warszawa,21.497118055555557
739,2021,10,MzZyraRoosev,Żyrardów,32.22386759581882
740,2021,10,OpKKozBSmial,Kędzierzyn-Koźle,24.758680555555557
741,2021,10,PdBialUpalna,Białystok,19.5
742,2021,10,PkPrzemGrunw,Przemyśl,24.357986111111114
743,2021,10,SlKatoKossut,Katowice,28.69485763888889
744,2021,10,SlZlotPotLes,Złoty Potok,22.843478260869567
745,2021,10,WmOlsPuszkin,Olsztyn,21.25338442508711
746,2021,10,WpKaliSawick,Kalisz,29.287485547169812
747,2021,11,DsJelGorOgin,Jelenia Góra,30.079457743055556
748,2021,11,DsWrocAlWisn,Wrocław,27.57457857142857
749,2021,11,DsWrocWybCon,Wrocław,24.91981697916667
750,2021,11,KpBydPlPozna,Bydgoszcz,25.95096525096525
751,2021,11,LbLubObywate,Lublin,30.89820788530466
752,2021,11,LdLodzCzerni,Łódź,23.28125
753,2021,11,LdZgieMielcz,Zgierz,27.690901408450706
754,2021,11,LuZielKrotka,Zielona Góra,16.857063368055556
755,2021,11,MpKrakAlKras,Kraków,33.74261694444445
756,2021,11,MpKrakBulwar,Kraków,35.52244385416667
757,2021,11,MzLegZegrzyn,Legionowo,26.752499999999998
758,2021,11,MzPiasPulask,Piastów,24.717812499999997
759,2021,11,MzPlocMiReja,Płock,23.115798611111114
760,2021,11,MzRadTochter,Radom,27.447304964539008
761,2021,11,MzSiedKonars,Siedlce,25.946493055555557
762,2021,11,MzWarAlNiepo,Warszawa,26.720611510791368
763,2021,11,MzWarWokalna,Warszawa,21.25125
764,2021,11,MzZyraRoosev,Żyrardów,29.504837545126353
765,2021,11,OpKKozBSmial,Kędzierzyn-Koźle,24.22152777777778
766,2021,11,PdBialUpalna,Białystok,20.454545454545453
767,2021,11,PkPrzemGrunw,Przemyśl,23.660416666666666
768,2021,11,SlKatoKossut,Katowice,31.12858673611111
769,2021,11,SlZlotPotLes,Złoty Potok,23.503819444444446
770,2021,11,WmOlsPuszkin,Olsztyn,18.736690254545454
771,2021,11,WpKaliSawick,Kalisz,34.358822229965156
772,2021,12,DsJelGorOgin,Jelenia Góra,22.594465574912892
773,2021,12,DsWrocAlWisn,Wrocław,22.279722867132868
774,2021,12,DsWrocWybCon,Wrocław,19.973177881944444
775,2021,12,KpBydPlPozna,Bydgoszcz,15.985551330798478
776,2021,12,LbLubObywate,Lublin,25.333450704225353
777,2021,12,LdLodzCzerni,Łódź,19.572916666666668
778,2021,12,LdZgieMielcz,Zgierz,24.603359430604982
779,2021,12,LuZielKrotka,Zielona Góra,12.415016215277777
780,2021,12,MpKrakAlKras,Kraków,27.89248361111111
781,2021,12,MpKrakBulwar,Kraków,26.213241944444444
782,2021,12,MzLegZegrzyn,Legionowo,21.69439285714286
783,2021,12,MzPiasPulask,Piastów,22.846006944444444
784,2021,12,MzPlocMiReja,Płock,19.520972222222223
785,2021,12,MzRadTochter,Radom,22.30459363957597
786,2021,12,MzSiedKonars,Siedlce,22.03578125
787,2021,12,MzWarAlNiepo,Warszawa,25.358159722222222
788,2021,12,MzWarWokalna,Warszawa,19.07784722222222
789,2021,12,MzZyraRoosev,Żyrardów,24.7596875
790,2021,12,OpKKozBSmial,Kędzierzyn-Koźle,20.8464993006993
791,2021,12,PdBialUpalna,Białystok,18.778985507246375
792,2021,12,PkPrzemGrunw,Przemyśl,20.34020979020979
793,2021,12,SlKatoKossut,Katowice,23.883526840277778
794,2021,12,SlZlotPotLes,Złoty Potok,19.39409722222222
795,2021,12,WmOlsPuszkin,Olsztyn,15.357854460431655
796,2021,12,WpKaliSawick,Kalisz,24.200493229166668
797,2024,1,DsJelGorOgin,Jelenia Góra,17.077777777777776
798,2024,1,DsWrocAlWisn,Wrocław,18.336013986013988
799,2024,1,DsWrocWybCon,Wrocław,17.586458333333333
800,2024,1,KpBydPlPozna,Bydgoszcz,18.469721115537848
801,2024,1,LbLubObywate,Lublin,20.194097222222222
802,2024,1,LdLodzCzerni,Łódź,17.878030303030304
803,2024,1,LdZgieMielcz,Zgierz,20.529545454545456
804,2024,1,LuZielKrotka,Zielona Góra,21.289492753623186
805,2024,1,MpKrakAlKras,Kraków,23.176
806,2024,1,MpKrakBulwar,Kraków,22.413194444444443
807,2024,1,MzLegZegrzyn,Legionowo,15.688636363636364
808,2024,1,MzPiasPulask,Piastów,16.768749999999997
809,2024,1,MzPlocMiReja,Płock,18.152961672473868
810,2024,1,MzRadTochter,Radom,19.0475
811,2024,1,MzSiedKonars,Siedlce,20.084722222222222
812,2024,1,MzWarAlNiepo,Warszawa,18.078819444444445
813,2024,1,MzWarWokalna,Warszawa,15.469444444444443
814,2024,1,MzZyraRoosev,Żyrardów,19.065624999999997
815,2024,1,OpKKozBSmial,Kędzierzyn-Koźle,18.686742424242425
816,2024,1,PdBialUpalna,Białystok,10.973484848484848
817,2024,1,PkPrzemGrunw,Przemyśl,18.62048611111111
818,2024,1,SlKatoKossut,Katowice,22.559090909090912
819,2024,1,SlZlotPotLes,Złoty Potok,17.202430555555555
820,2024,1,WmOlsPuszkin,Olsztyn,16.2078853046595
821,2024,1,WpKaliSawick,Kalisz,20.60486111111111
822,2024,2,DsJelGorOgin,Jelenia Góra,14.372569444444444
823,2024,2,DsWrocAlWisn,Wrocław,15.803484320557493
824,2024,2,DsWrocWybCon,Wrocław,15.443402777777777
825,2024,2,KpBydPlPozna,Bydgoszcz,12.179007633587787
826,2024,2,LbLubObywate,Lublin,15.711805555555555
827,2024,2,LdLodzCzerni,Łódź,12.541984732824428
828,2024,2,LdZgieMielcz,Zgierz,16.593939393939394
829,2024,2,LuZielKrotka,Zielona Góra,16.41696113074205
830,2024,2,MpKrakAlKras,Kraków,17.73715277777778
831,2024,2,MpKrakBulwar,Kraków,15.858333333333333
832,2024,2,MzLegZegrzyn,Legionowo,12.126515151515152
833,2024,2,MzPiasPulask,Piastów,12.565625
834,2024,2,MzPlocMiReja,Płock,12.934375
835,2024,2,MzRadTochter,Radom,14.347517730496454
836,2024,2,MzSiedKonars,Siedlce,18.381818181818183
837,2024,2,MzWarAlNiepo,Warszawa,13.712499999999999
838,2024,2,MzWarWokalna,Warszawa,11.16534296028881
839,2024,2,MzZyraRoosev,Żyrardów,12.969444444444443
840,2024,2,OpKKozBSmial,Kędzierzyn-Koźle,11.740942028985508
841,2024,2,PdBialUpalna,Białystok,12.193675889328063
842,2024,2,PkPrzemGrunw,Przemyśl,14.994444444444444
843,2024,2,SlKatoKossut,Katowice,15.224100719424461
844,2024,2,SlZlotPotLes,Złoty Potok,13.217708333333333
845,2024,2,WmOlsPuszkin,Olsztyn,14.70798611111111
846,2024,2,WpKaliSawick,Kalisz,15.736805555555556
847,2024,3,DsJelGorOgin,Jelenia Góra,11.67630662020906
848,2024,3,DsWrocAlWisn,Wrocław,13.785815602836879
849,2024,3,DsWrocWybCon,Wrocław,13.066433566433567
850,2024,3,KpBydPlPozna,Bydgoszcz,12.941767068273093
851,2024,3,LbLubObywate,Lublin,14.821874999999999
852,2024,3,LdLodzCzerni,Łódź,15.276136363636365
853,2024,3,LdZgieMielcz,Zgierz,18.326136363636365
854,2024,3,LuZielKrotka,Zielona Góra,13.518439716312056
855,2024,3,MpKrakAlKras,Kraków,18.01111111111111
856,2024,3,MpKrakBulwar,Kraków,16.84861111111111
857,2024,3,MzLegZegrzyn,Legionowo,12.965909090909092
858,2024,3,MzPiasPulask,Piastów,13.573263888888889
859,2024,3,MzPlocMiReja,Płock,13.140860215053763
860,2024,3,MzRadTochter,Radom,15.397132616487456
861,2024,3,MzSiedKonars,Siedlce,16.499285714285715
862,2024,3,MzWarAlNiepo,Warszawa,15.548263888888888
863,2024,3,MzWarWokalna,Warszawa,12.557638888888889
864,2024,3,MzZyraRoosev,Żyrardów,13.836111111111112
865,2024,3,OpKKozBSmial,Kędzierzyn-Koźle,10.975000000000001
866,2024,3,PdBialUpalna,Białystok,11.903614457831326
867,2024,3,PkPrzemGrunw,Przemyśl,16.206944444444446
868,2024,3,SlKatoKossut,Katowice,14.86423611111111
869,2024,3,SlZlotPotLes,Złoty Potok,11.934722222222222
870,2024,3,WmOlsPuszkin,Olsztyn,14.306249999999999
871,2024,3,WpKaliSawick,Kalisz,17.09097222222222
872,2024,4,DsJelGorOgin,Jelenia Góra,12.788888888888888
873,2024,4,DsWrocAlWisn,Wrocław,13.133916083916084
874,2024,4,DsWrocWybCon,Wrocław,12.759722222222223
875,2024,4,KpBydPlPozna,Bydgoszcz,12.42218045112782
876,2024,4,LbLubObywate,Lublin,16.583333333333332
877,2024,4,LdLodzCzerni,Łódź,14.037878787878787
878,2024,4,LdZgieMielcz,Zgierz,19.549242424242426
879,2024,4,LuZielKrotka,Zielona Góra,15.112587412587413
880,2024,4,MpKrakAlKras,Kraków,17.95486111111111
881,2024,4,MpKrakBulwar,Kraków,16.179166666666667
882,2024,4,MzLegZegrzyn,Legionowo,14.090909090909092
883,2024,4,MzPiasPulask,Piastów,14.461458333333333
884,2024,4,MzPlocMiReja,Płock,13.102888086642599
885,2024,4,MzRadTochter,Radom,17.239145907473308
886,2024,4,MzSiedKonars,Siedlce,14.122916666666667
887,2024,4,MzWarAlNiepo,Warszawa,15.364930555555556
888,2024,4,MzWarWokalna,Warszawa,12.631944444444445
889,2024,4,MzZyraRoosev,Żyrardów,14.886805555555554
890,2024,4,OpKKozBSmial,Kędzierzyn-Koźle,12.123297491039427
891,2024,4,PdBialUpalna,Białystok,12.455938697318008
892,2024,4,PkPrzemGrunw,Przemyśl,15.77465277777778
893,2024,4,SlKatoKossut,Katowice,16.345138888888886
894,2024,4,SlZlotPotLes,Złoty Potok,14.511111111111111
895,2024,4,WmOlsPuszkin,Olsztyn,14.35763888888889
896,2024,4,WpKaliSawick,Kalisz,17.027430555555554
897,2024,5,DsJelGorOgin,Jelenia Góra,13.863194444444444
898,2024,5,DsWrocAlWisn,Wrocław,15.235069444444443
899,2024,5,DsWrocWybCon,Wrocław,15.085017421602787
900,2024,5,KpBydPlPozna,Bydgoszcz,13.328076923076924
901,2024,5,LbLubObywate,Lublin,18.908333333333335
902,2024,5,LdLodzCzerni,Łódź,14.297338403041824
903,2024,5,LdZgieMielcz,Zgierz,20.537769784172664
904,2024,5,LuZielKrotka,Zielona Góra,18.771180555555556
905,2024,5,MpKrakAlKras,Kraków,17.629166666666666
906,2024,5,MpKrakBulwar,Kraków,15.515625
907,2024,5,MzLegZegrzyn,Legionowo,13.291666666666666
908,2024,5,MzPiasPulask,Piastów,13.39375
909,2024,5,MzPlocMiReja,Płock,14.176041666666666
910,2024,5,MzRadTochter,Radom,17.267132867132865
911,2024,5,MzSiedKonars,Siedlce,14.945833333333333
912,2024,5,MzWarAlNiepo,Warszawa,14.255208333333334
913,2024,5,MzWarWokalna,Warszawa,11.636111111111111
914,2024,5,MzZyraRoosev,Żyrardów,15.278671328671328
915,2024,5,OpKKozBSmial,Kędzierzyn-Koźle,13.088363636363637
916,2024,5,PdBialUpalna,Białystok,11.295019157088122
917,2024,5,PkPrzemGrunw,Przemyśl,18.478125
918,2024,5,SlKatoKossut,Katowice,16.37013888888889
919,2024,5,SlZlotPotLes,Złoty Potok,13.45719298245614
920,2024,5,WmOlsPuszkin,Olsztyn,14.379513888888889
921,2024,5,WpKaliSawick,Kalisz,15.840559440559439
922,2024,6,DsJelGorOgin,Jelenia Góra,16.819791666666667
923,2024,6,DsWrocAlWisn,Wrocław,17.43125
924,2024,6,DsWrocWybCon,Wrocław,16.97867132867133
925,2024,6,KpBydPlPozna,Bydgoszcz,11.744758064516128
926,2024,6,LbLubObywate,Lublin,19.67361111111111
927,2024,6,LdLodzCzerni,Łódź,16.734732824427482
928,2024,6,LdZgieMielcz,Zgierz,21.47923076923077
929,2024,6,LuZielKrotka,Zielona Góra,16.93402777777778
930,2024,6,MpKrakAlKras,Kraków,17.848958333333332
931,2024,6,MpKrakBulwar,Kraków,15.746875000000001
932,2024,6,MzLegZegrzyn,Legionowo,14.275378787878788
933,2024,6,MzPiasPulask,Piastów,15.14336917562724
934,2024,6,MzPlocMiReja,Płock,12.960763888888888
935,2024,6,MzRadTochter,Radom,18.009473684210526
936,2024,6,MzSiedKonars,Siedlce,12.523239436619718
937,2024,6,MzWarAlNiepo,Warszawa,16.95034722222222
938,2024,6,MzWarWokalna,Warszawa,13.84738675958188
939,2024,6,MzZyraRoosev,Żyrardów,15.419097222222222
940,2024,6,OpKKozBSmial,Kędzierzyn-Koźle,12.911458333333334
941,2024,6,PdBialUpalna,Białystok,13.18560606060606
942,2024,6,PkPrzemGrunw,Przemyśl,19.146527777777777
943,2024,6,SlKatoKossut,Katowice,17.54236111111111
944,2024,6,SlZlotPotLes,Złoty Potok,13.994736842105263
945,2024,6,WmOlsPuszkin,Olsztyn,15.812237762237762
946,2024,6,WpKaliSawick,Kalisz,19.195833333333333
947,2024,7,DsJelGorOgin,Jelenia Góra,14.349305555555556
948,2024,7,DsWrocAlWisn,Wrocław,14.749652777777776
949,2024,7,DsWrocWybCon,Wrocław,14.374305555555557
950,2024,7,KpBydPlPozna,Bydgoszcz,13.528352490421456
951,2024,7,LbLubObywate,Lublin,20.861805555555556
952,2024,7,LdLodzCzerni,Łódź,15.701520912547528
953,2024,7,LdZgieMielcz,Zgierz,19.174242424242426
954,2024,7,LuZielKrotka,Zielona Góra,17.127046263345196
955,2024,7,MpKrakAlKras,Kraków,17.376388888888886
956,2024,7,MpKrakBulwar,Kraków,16.022916666666667
957,2024,7,MzLegZegrzyn,Legionowo,13.492045454545455
958,2024,7,MzPiasPulask,Piastów,13.214982578397212
959,2024,7,MzPlocMiReja,Płock,14.636805555555554
960,2024,7,MzRadTochter,Radom,19.076173285198557
961,2024,7,MzSiedKonars,Siedlce,17.351260504201683
962,2024,7,MzWarAlNiepo,Warszawa,15.040972222222223
963,2024,7,MzWarWokalna,Warszawa,11.953819444444443
964,2024,7,MzZyraRoosev,Żyrardów,15.593928571428572
965,2024,7,OpKKozBSmial,Kędzierzyn-Koźle,13.879166666666666
966,2024,7,PdBialUpalna,Białystok,12.68939393939394
967,2024,7,PkPrzemGrunw,Przemyśl,17.532291666666666
968,2024,7,SlKatoKossut,Katowice,18.474305555555556
969,2024,7,SlZlotPotLes,Złoty Potok,13.913286713286713
970,2024,7,WmOlsPuszkin,Olsztyn,14.780208333333333
971,2024,7,WpKaliSawick,Kalisz,18.323958333333334
972,2024,8,DsJelGorOgin,Jelenia Góra,17.09097222222222
973,2024,8,DsWrocAlWisn,Wrocław,18.465625000000003
974,2024,8,DsWrocWybCon,Wrocław,18.256944444444443
975,2024,8,KpBydPlPozna,Bydgoszcz,15.634306569343066
976,2024,8,LbLubObywate,Lublin,18.957291666666666
977,2024,8,LdLodzCzerni,Łódź,16.3
978,2024,8,LdZgieMielcz,Zgierz,20.95330739299611
979,2024,8,LuZielKrotka,Zielona Góra,20.239463601532567
980,2024,8,MpKrakAlKras,Kraków,18.804861111111112
981,2024,8,MpKrakBulwar,Kraków,17.499305555555555
982,2024,8,MzLegZegrzyn,Legionowo,17.244318181818183
983,2024,8,MzPiasPulask,Piastów,16.352430555555557
984,2024,8,MzPlocMiReja,Płock,17.665625
985,2024,8,MzRadTochter,Radom,20.61578947368421
986,2024,8,MzSiedKonars,Siedlce,31.270833333333332
987,2024,8,MzWarAlNiepo,Warszawa,17.569097222222222
988,2024,8,MzWarWokalna,Warszawa,13.452613240418119
989,2024,8,MzZyraRoosev,Żyrardów,18.477894736842103
990,2024,8,OpKKozBSmial,Kędzierzyn-Koźle,17.400347222222223
991,2024,8,PdBialUpalna,Białystok,13.772727272727273
992,2024,8,PkPrzemGrunw,Przemyśl,19.319791666666667
993,2024,8,SlKatoKossut,Katowice,19.72986111111111
994,2024,8,SlZlotPotLes,Złoty Potok,14.952816901408452
995,2024,8,WmOlsPuszkin,Olsztyn,17.312847222222224
996,2024,8,WpKaliSawick,Kalisz,19.585069444444443
997,2024,9,DsJelGorOgin,Jelenia Góra,18.858333333333334
998,2024,9,DsWrocAlWisn,Wrocław,20.86284722222222
999,2024,9,DsWrocWybCon,Wrocław,19.53125
1000,2024,9,KpBydPlPozna,Bydgoszcz,19.334671532846716
1001,2024,9,LbLubObywate,Lublin,22.770383275261324
1002,2024,9,LdLodzCzerni,Łódź,18.126136363636363
1003,2024,9,LdZgieMielcz,Zgierz,24.645454545454545
1004,2024,9,LuZielKrotka,Zielona Góra,20.605818181818183
1005,2024,9,MpKrakAlKras,Kraków,21.800350877192983
1006,2024,9,MpKrakBulwar,Kraków,20.775347222222223
1007,2024,9,MzLegZegrzyn,Legionowo,19.379545454545454
1008,2024,9,MzPiasPulask,Piastów,16.424999999999997
1009,2024,9,MzPlocMiReja,Płock,16.35574912891986
1010,2024,9,MzRadTochter,Radom,23.48021978021978
1011,2024,9,MzSiedKonars,Siedlce,33.686554621848735
1012,2024,9,MzWarAlNiepo,Warszawa,17.837847222222223
1013,2024,9,MzWarWokalna,Warszawa,14.452313167259787
1014,2024,9,MzZyraRoosev,Żyrardów,19.846180555555556
1015,2024,9,OpKKozBSmial,Kędzierzyn-Koźle,19.30173611111111
1016,2024,9,PdBialUpalna,Białystok,12.496212121212121
1017,2024,9,PkPrzemGrunw,Przemyśl,22.63125
1018,2024,9,SlKatoKossut,Katowice,19.350347222222222
1019,2024,9,SlZlotPotLes,Złoty Potok,16.993379790940768
1020,2024,9,WmOlsPuszkin,Olsztyn,18.260416666666668
1021,2024,9,WpKaliSawick,Kalisz,22.70486111111111
1022,2024,10,DsJelGorOgin,Jelenia Góra,20.362369337979093
1023,2024,10,DsWrocAlWisn,Wrocław,25.872822299651567
1024,2024,10,DsWrocWybCon,Wrocław,24.521180555555556
1025,2024,10,KpBydPlPozna,Bydgoszcz,13.521673003802281
1026,2024,10,LbLubObywate,Lublin,20.614930555555556
1027,2024,10,LdLodzCzerni,Łódź,19.00151515151515
1028,2024,10,LdZgieMielcz,Zgierz,23.64392857142857
1029,2024,10,LuZielKrotka,Zielona Góra,18.523611111111112
1030,2024,10,MpKrakAlKras,Kraków,25.398263888888888
1031,2024,10,MpKrakBulwar,Kraków,25.255555555555556
1032,2024,10,MzLegZegrzyn,Legionowo,16.930303030303033
1033,2024,10,MzPiasPulask,Piastów,17.56875
1034,2024,10,MzPlocMiReja,Płock,17.219444444444445
1035,2024,10,MzRadTochter,Radom,18.880208333333332
1036,2024,10,MzSiedKonars,Siedlce,27.269166666666667
1037,2024,10,MzWarAlNiepo,Warszawa,20.072222222222223
1038,2024,10,MzWarWokalna,Warszawa,16.297826086956523
1039,2024,10,MzZyraRoosev,Żyrardów,18.109756097560975
1040,2024,10,OpKKozBSmial,Kędzierzyn-Koźle,24.97222222222222
1041,2024,10,PdBialUpalna,Białystok,10.545454545454545
1042,2024,10,PkPrzemGrunw,Przemyśl,22.26215277777778
1043,2024,10,SlKatoKossut,Katowice,22.899305555555557
1044,2024,10,SlZlotPotLes,Złoty Potok,15.693031358885015
1045,2024,10,WmOlsPuszkin,Olsztyn,14.097222222222221
1046,2024,10,WpKaliSawick,Kalisz,26.216666666666665
1047,2024,11,DsJelGorOgin,Jelenia Góra,18.182291666666668
1048,2024,11,DsWrocAlWisn,Wrocław,19.787847222222222
1049,2024,11,DsWrocWybCon,Wrocław,19.855400696864113
1050,2024,11,KpBydPlPozna,Bydgoszcz,11.548399999999999
1051,2024,11,LbLubObywate,Lublin,17.5198606271777
1052,2024,11,LdLodzCzerni,Łódź,17.020454545454545
1053,2024,11,LdZgieMielcz,Zgierz,22.785416666666666
1054,2024,11,LuZielKrotka,Zielona Góra,16.35
1055,2024,11,MpKrakAlKras,Kraków,21.933333333333334
1056,2024,11,MpKrakBulwar,Kraków,20.792708333333334
1057,2024,11,MzLegZegrzyn,Legionowo,12.916666666666666
1058,2024,11,MzPiasPulask,Piastów,13.917708333333334
1059,2024,11,MzPlocMiReja,Płock,14.103472222222223
1060,2024,11,MzRadTochter,Radom,18.01567944250871
1061,2024,11,MzSiedKonars,Siedlce,16.12
1062,2024,11,MzWarAlNiepo,Warszawa,16.212152777777778
1063,2024,11,MzWarWokalna,Warszawa,12.532352941176471
1064,2024,11,MzZyraRoosev,Żyrardów,14.503472222222221
1065,2024,11,OpKKozBSmial,Kędzierzyn-Koźle,22.91736111111111
1066,2024,11,PdBialUpalna,Białystok,10.023255813953488
1067,2024,11,PkPrzemGrunw,Przemyśl,16.533333333333335
1068,2024,11,SlKatoKossut,Katowice,21.561805555555555
1069,2024,11,SlZlotPotLes,Złoty Potok,18.03076923076923
1070,2024,11,WmOlsPuszkin,Olsztyn,12.379861111111111
1071,2024,11,WpKaliSawick,Kalisz,21.40277777777778
1072,2024,12,DsJelGorOgin,Jelenia Góra,11.090972222222222
1073,2024,12,DsWrocAlWisn,Wrocław,15.22877192982456
1074,2024,12,DsWrocWybCon,Wrocław,14.260069444444444
1075,2024,12,KpBydPlPozna,Bydgoszcz,12.051923076923076
1076,2024,12,LbLubObywate,Lublin,16.16118881118881
1077,2024,12,LdLodzCzerni,Łódź,14.236742424242424
1078,2024,12,LdZgieMielcz,Zgierz,22.530662020905925
1079,2024,12,LuZielKrotka,Zielona Góra,16.488541666666666
1080,2024,12,MpKrakAlKras,Kraków,16.773611111111112
1081,2024,12,MpKrakBulwar,Kraków,14.666666666666666
1082,2024,12,MzLegZegrzyn,Legionowo,12.724242424242423
1083,2024,12,MzPiasPulask,Piastów,12.714930555555556
1084,2024,12,MzPlocMiReja,Płock,13.096875
1085,2024,12,MzRadTochter,Radom,15.867832167832168
1086,2024,12,MzSiedKonars,Siedlce,14.19075630252101
1087,2024,12,MzWarAlNiepo,Warszawa,13.952083333333333
1088,2024,12,MzWarWokalna,Warszawa,10.683846153846154
1089,2024,12,MzZyraRoosev,Żyrardów,15.127007299270074
1090,2024,12,OpKKozBSmial,Kędzierzyn-Koźle,12.033680555555556
1091,2024,12,PdBialUpalna,Białystok,11.391304347826088
1092,2024,12,PkPrzemGrunw,Przemyśl,14.81423611111111
1093,2024,12,SlKatoKossut,Katowice,17.23698113207547
1094,2024,12,SlZlotPotLes,Złoty Potok,13.705208333333333
1095,2024,12,WmOlsPuszkin,Olsztyn,11.914583333333333
1096,2024,12,WpKaliSawick,Kalisz,17.726388888888888
